Megnevezés;Eredeti elõirányzat
Társadalombiztosítási alapok kiadásai (K1);7,79E+12
Nyugdíjbiztosítási Alap kiadásai (K101);4,17E+12
Öregségi nyugdíj kiadásai (K10101);3,52E+12
Korhatár felettiek öregségi nyugdíjának kiadásai (K1010101);3,19E+12
Nõk korhatár alatti nyugellátásának kiadásai (K1010102);3,32E+11
Hozzátartozói nyugellátás kiadásai (K10102);4,13E+11
Árvaellátás kiadásai (K1010201);38660000000
Özvegyi nyugellátás kiadásai (K1010202);3,74E+11
Tizenharmadik havi nyugdíj és nyugdíjprémiumok kiadásai (K10103);2,29E+11
Nyugdíjprémium céltartalék (K1010301);68460000000
Tizenharmadik havi nyugdíj kiadásai (K1010302);1,60E+11
Egyéb nyugdíjbiztosítási kiadások (K10104);7918800000
Egyösszegû méltányossági kifizetések (egyszeri segély) (K1010401);600000000
Nyugellátás postaköltségei (K1010402);6013800000
Egyéb nyugellátáshoz kapcsolódó kiadások (K1010403);1302000000
Nyugellátás - vagyongazdálkodás (K1010404);3000000
Egészségbiztosítási Alap kiadásai (K102);2,95E+12
Összevont szakellátás (K10201);9,23E+11
Egészségügyi ellátás - célerõirányzatok (K10202);6,02E+11
Csecsemõ- és gyermekgondozási díj (K10203);3,95E+11
Csecsemõgondozási díj (K1020301);1,28E+11
Gyermekgondozási díj és örökbefogadói díj (K1020302);2,67E+11
Táppénz kiadások (K10204);1,82E+11
Rokkantsági, rehabilitációs ellátások kiadásai (K10205);3,01E+11
Háziorvosi és védõnõi szolgáltatás, fogászat kiadásai (K10206);3,54E+11
Háziorvosi, háziorvosi ügyeleti ellátás (K1020601);2,45E+11
Védõnõi szolgáltatás, anya-, gyermek- és ifjúságvédelem (K1020602);27250000000
Fogászati ellátás (K1020603);82370300000
Egyéb egészségügyi kiadások (K10207);1,94E+11
Mentés támogatása (K1020701);45560500000
Laboratóriumi ellátás támogatása (K1020702);24266100000
Sürgõsségi ellátás támogatása (K1020703);21092400000
Mûvesekezelés támogatása (K1020704);27771100000
Gyógyító-megelõzõ ellátás céltartalék (K1020705);10281100000
Betegszállítás és orvosi rendelvényû halottszállítás (K1020706);9796900000
Kártérítési és baleseti járadék (K1020707);9191400000
Gyógyszertárak juttatása és szolgáltatási díja (K1020708);8600000000
Otthoni szakápolás (K1020709);6480800000
Utazási költségtérítés (K1020710);5176500000
Egészségbiztosítási költségvetési szervek (K1020711);6975000000
Egészségügyi ellátás egyéb kiadásai (K1020712);18883800000
Egyszeri segély (K102071201);450000000
Gyógyfürdõ és egyéb gyógyászati ellátás támogatása (K102071202);4200000000
Anyatej-ellátás (K102071203);200000000
Külföldön tervezett egészségügyi ellátások megtérítése (K102071204);100000000
Külföldön történt speciális egészségügyi ellátások, igénybevett egészségügyi szolgáltatások (K102071205);2869600000
Természetbeni ellátások céltartaléka (K102071206);4000000000
Kifizetõhelyeket megilletõ költségtérítés (K102071207);3446400000
Egészségügyhöz kapcsolódó postaköltség (K102071208);3223900000
Egyéb egészségügyi kiadások (K102071209);381100000
Egészségügy - vagyongazdálkodás (K102071210);12800000
Gyógyszerek és gyógyászati segédeszközök kiadásai (K10208);6,50E+11
Gyógyszertámogatás kiadásai (K1020801);3,44E+11
Gyógyszertámogatási céltartalék (K1020802);1,06E+11
Gyógyászati segédeszköz támogatás (K1020803);80302000000
Egyéb gyógyászati segédeszköz támogatás és kölcsönzés támogatása (K102080301);59302000000
Egyedi készítésû gyógyászati segédeszköz támogatás (K102080302);21000000000
Nagyértékû gyógyszerfinanszírozás támogatása (K1020804);1,20E+11
Járvány elleni védekezési alap kiadásai (K103);20000000000
Alapok, támogatások és az állam közvetlen kiadásai (K2);3,22E+12
A költségvetés közvetlen kiadásai (K201);2,12E+12
Garancia és hozzájárulás és társadalombiztosítási ellátásokhoz (K20101);1,10E+12
Nyugdíjbiztosítási Alap támogatása (K2010101);3,26E+11
Egészségbiztosítási és Járvány Elleni Védekezési Alap kiadásainak támogatása (K2010102);2,81E+11
Egészségbiztosítási és Járvány Elleni Védekezési Alap járulékainak támogatása (K2010103);4,91E+11
Hozzájárulás az Európai Unió költségvetéséhez (K20102);5,65E+11
Elkülönített alapok költségvetési támogatásainak kiadásai (K20103);3,67E+11
Szociálpolitikai Menetdíj támogatás (K2010301);1,20E+11
Babaváró támogatások (K2010302);91454700000
Gazdaság-újraindítási Foglalkoztatási Alap támogatása (K2010303);49800000000
Nemzeti Kutatási, Fejlesztési és Innovációs Alap támogatása (K2010304);38546600000
Bethlen Gábor Alap támogatása (K2010305);33830800000
Központi Nukleáris Pénzügyi Alap támogatása (K2010306);27801900000
Diákhitel konstrukciók támogatása (K2010307);5196000000
A költségvetés egyéb közvetlen kiadásai (K20104);88963100000
Állam által vállalt kezesség és viszontgarancia érvényesítésének kiadásai (K2010401);47014000000
Garantiqa Hitelgarancia Zrt. garanciaügyleteibõl eredõ fizetési kötelezettség (K201040101);35000000000
Agrár-Vállalkozási Hitelgarancia Alapítvány garanciaügyleteibõl eredõ fizetési kötelezettség (K201040102);8000000000
MEHIB Zrt. általi biztosítási tevékenységbõl eredõ fizetési kötelezettség (K201040103);3000000000
Eximbank Zrt. által vállalt garanciaügyletekbõl eredõ fizetési kötelezettség (K201040104);500000000
MFB Zrt. hiteleibõl és garanciaügyleteibõl eredõ fizetési kötelezettség (K201040105);500000000
Lakáshitelekhez vállalt kezességbõl eredõ fizetési kötelezettség (K201040106);14000000
Nemzetközi pénzügyi intézmények felé vállalt kötelezettségek kiadásai (K2010402);16153400000
Nemzetközi Újjáépítési és Fejlesztési Bank (IBRD) alaptõkeemelés (K201040201);2199800000
Nemzetközi Pénzügyi Társaság (IFC) tõkeemelés (K201040202);2756700000
Európa Tanács Fejlesztési Bank (CEB) tagdíj (K201040203);4300000
Bruegel tagdíj (K201040204);36800000
Nemzetközi Beruházási Bank (NBB) tõkeemelés (K201040205);2979200000
Nemzetközi Fejlesztési Társulás (IDA) alaptõke-hozzájárulás (K201040206);1909400000
Nemzetközi pénzügyi intézményekkel kapcsolatos egyéb kiadások (K201040207);6267200000
Egyéb közvetlen kiadások (K2010403);25795700000
Felszámolásokkal és szanálással kapcsolatos kiadások (K201040301);2000000000
Magán- és egyéb jogi személyek kártérítése (K201040302);200000000
Egyéb vegyes kiadások (K201040303);8100000000
Személyi jövedelemadó 1% közcélú felhasználása (K201040304);10800000000
Mehib és Eximbank behajtási jutaléka (K201040305);35000000
Gazdálkodó szervezetek által befizetett termékdíj-visszaigénylés (K201040306);2200000000
Pénzbeli kárpótlások kiadásai (K201040307);1769200000
Árfolyamkockázat és egyéb, EU által nem térített kiadások (K201040308);690000000
Követeléskezelés költségei (K201040308);1500000
Alapok és támogatások kiadásai (K202);1,10E+12
Helyi önkormányzatok támogatásai (K20201);8,73E+11
Általános önkormányzati támogatás (K2020101);3,04E+11
A települési önkormányzatok mûködésének általános támogatása (K202010101);2,67E+11
A helyi önkormányzatok általános feladatainak mûködési célú támogatása (K202010102);37683100000
Önkormányzati köznevelési feladatok támogatása (K2020102);2,17E+11
Önkormányzati szociális feladatok támogatása (K2020103);3,03E+11
A települési önkormányzatok egyes szociális és gyermekjóléti feladatainak támogatása (K202010301);1,81E+11
A települési önkormányzatok gyermekétkeztetési feladatainak támogatása (K202010302);87231100000
A települési önkormányzatok egyes szociális és gyermekjóléti feladatainak mûködési célú támogatása (K202010303);35260600000
Önkormányzati kulturális feladatok támogatása (K2020104);35309000000
A települési önkormányzatok kulturális feladatainak támogatása (K202010401);22680800000
A települési önkormányzatok kulturális feladatainak mûködési célú támogatása (K202010402);12628200000
Kiegészítõ célú egyéb önkormányzati támogatások (K2020105);13610000000
A Nemzeti Földalappal kapcsolatos kiadások (K20202);17730000000
NFA - Életjáradék termõföldért (K2020201);7700000000
NFA - Termõföld vásárlás (K2020202);4000000000
NFA - Egyéb kiadások (K2020203);6030000000
Ingatlanok fenntartásával járó kiadások (K202020301);700000000
Állami tulajdonú ingatlanvagyon felmérése és jogi rendezése (K202020302);900000000
Bírósági döntésbõl eredõ kiadások (K202020303);30000000
Egyéb vagyonkezelési kiadások (K202020304);1900000000
Értéknövelõ beruházások megtérítése (K202020305);2000000000
NFA - Fejezeti tartalék (K202020306);500000000
A Nemzeti Kutatási, Fejlesztési és Innovációs Alappal kapcsolatos kiadások (K20203);1,44E+11
NKFI - Kutatási Alaprész (K2020301);49466400000
NKFI - Innovációs alaprész (K2020302);65159200000
NKFI - Befizetés a központi költségvetésbe (K2020303);21177800000
NKFI - Alapkezelõnek átadott pénzeszköz (K2020304);2514300000
NKFI - Nemzeti Laboratóriumok Alaprész (K2020305);5629200000
A Bethlen Gábor Alappal (BGA) kapcsolatos kiadások (K20204);33830800000
BGA - Nemzetpolitikai célú támogatások (K2020401);25000000000
BGA - Mûködtetési célú kifizetések (K2020402);2283700000
BGA - Rákóczi Szövetség támogatása (K2020403);1050000000
BGA - Magyarság Háza program támogatása (K2020404);246600000
BGA - Határtalanul! program támogatása (K2020405);5250500000
A Központi Nukleáris Pénzügyi Alappal kapcsolatos kiadások (K20205);18157500000
KNPA - Hulladékkezelés, leszerelés elõkészítése (K2020501);10636600000
KNPA - Kis- és közepes aktivitású radioaktívhulladék-tárolók beruházása, fejlesztése (K202050101);3152400000
KNPA - Nagy aktivitású radioaktívhulladék-tároló telephely (K202050102);1382900000
KNPA - Kiégett Kazetták Átmeneti Tárolójának bõvítése, felújítása (K202050103);6034500000
KNPA - Nukleáris létesítmények leszerelésének elõkészítése (K202050104);66800000
KNPA - RHK Kft. mûködése, radioaktívhulladék-tárolók és a KKÁT üzemeltetési kiadásai (K2020502);6151300000
KNPA - Ellenõrzési és információs célú önkormányzati társulások támogatása (K2020503);1231600000
KNPA - Egyéb kiadások (K2020504);138000000
A Nemzeti Kulturális Alappal kapcsolatos kiadások (K20206);10102300000
NKA - Alapból nyújtott támogatások (K2020601);8712100000
NKA - Mûködési kiadások (K2020602);1145200000
NKA - Kulturális célú központi költségvetési szervek mûködési kiadásainak támogatása (K2020603);245000000
Állami szervek kiadásai (K3);9,03E+12
Emberi Erõforrások Minisztériuma (EMMI) fejezeti kiadásai (K301);3,51E+12
Szociális és egészségügyi kiadások (K30101);2,26E+12
Szociális és gyermekvédelmi intézményrendszer kiadásai (K3010101);1,51E+11
Szociális és gyermekvédelmi, gyermekjóléti intézmények kiadásai (K301010101);1,50E+11
Nemzeti Szociálpolitikai Intézet kiadásai (K301010102);1062700000
Egészségügyi és gyógyszerészeti hatósági intézményrendszer kiadásai (K3010102);4706900000
Gyógyító-megelõzõ ellátás szakintézeteinak kiadásai (K3010103);1,08E+12
Országos Kórházi Fõigazgatóság (OKFÕ) kiadásai (K301010301);29233600000
Gyógyító-megelõzõ ellátás intézeteinek kiadásai (K301010302);1,05E+12
Országos Sportegészségügyi Intézet (OSÉI) kiadásai (K301010303);2794600000
Országos Mentõszolgálat kiadásai (K3010104);65758300000
Nemzeti Népegészségügyi Központ (NNK) kiadásai (K3010105);22382700000
Országos Vérellátó Szolgálat (OVSZ) kiadásai (K3010106);23046000000
Családi támogatások kiadásai (K3010107);4,98E+11
Családi pótlék (K301010701);3,08E+11
Anyasági támogatás (K301010702);6418900000
Gyermekgondozást segítõ ellátás (K301010703);59189300000
Gyermeknevelési támogatás (K301010704);11110000000
Gyermekek születésével kapcsolatos szabadság megtérítése (K301010705);3780600000
Életkezdési támogatás (K301010706);9174600000
Pénzbeli és természetbeni gyermekvédelmi támogatások (K301010707);3019800000
Gyermektartásdíjak megelõlegezése (K301010708);800600000
Korhatár alatti ellátások (K301010709);97103600000
Jövedelempótló és jövedelemkiegészítõ szociális támogatások kiadásai (K3010108);1,62E+11
Jövedelempótló és jövedelemkiegészítõ ellátások (K301010801);63095200000
Járási szociális feladatok ellátása (K301010802);99232900000
Szociális, gyermekvédelmi, gyermekjóléti és fogyatékos személyek esélyegyenlõségét elõsegítõ kiadások (K3010109);2,07E+11
Szociális célú nem állami humánszolgáltatások támogatása (K301010901);1,71E+11
Egyéb szociális, gyermekjóléti és gyermekvédelmi szolgáltatások sajátos finanszírozása (K301010902);3391200000
"Szociális humánszolgáltatók, köztestületi szociális intézmények részére biztosított szociális- és gyermekvédelmi ágazati pótlék; egyéb ágazati bérrendezéssel összefüggõ támogatások (K301010903)";17388200000
Egyes szociális, gyermekvédelmi, gyermekjóléti és fogyatékos személyek esélyegyenlõségét elõsegítõ ágazati szakmai programok támogatása (K301010904);8652700000
Gyermekvédelmi Lakás Alap (K301010905);1190000000
Fejlesztõ foglalkoztatás támogatása (K301010906);2968800000
Szociális és fogyatékossággal élõk társadalmi szervezeteinek támogatása (K301010907);2120800000
Közgyógyellátás és egyéb egészségügyi kiadások (K3010110);41180600000
Közgyógyellátás kiadásai (K301011001);17349900000
Gyógyszertári tulajdoni hányad állami elõvásárlása és értékesítése kiadásai (K301011002);250000000
Egészségügyi ellátási és fejlesztési feladatok kiadásai (K301011003);7019500000
Egészségügyi intézmények fejlesztése és rendkívüli támogatása (K301011004);9484800000
Nemzeti Népegészségügyi Stratégiával összefüggõ feladatok kiadásai (K301011005);6750000000
Egészségügyi társadalmi, civil és non-profit szervezetek mûködési támogatása (K301011006);326400000
Kulturális- és sporttámogatások (K30102);1,20E+12
Sporttámogatások (K3010201);80425400000
Nemzeti Sportközpontok kiadásai (K301020101);16954400000
Versenysport és szakmai feladatok támogatása (K301020102);17114400000
A Magyar Labdarúgó Szövetség (MLSZ) támogatása (K301020103);6956000000
Sporteredmények, sportszakmai tevékenységek elismerése (K301020104);9139800000
Sportegészségügy, sporttudomány támogatása (K301020105);932000000
Sport népszerûsítésével, diák- és szabadidõsporttal kapcsolatos támogatások (K301020106);1766100000
Sportági fejlesztési koncepciók támogatása (K301020107);20774100000
Kiemelt sportegyesületek támogatása (K301020108);6788600000
Kulturális támogatások (K3010202);1,24E+11
Petõfi Irodalmi Múzeum támogatása (K301020201);6852300000
Közgyûjtemények támogatása (K301020202);23989400000
Mûvészeti intézmények támogatása (K301020203);23024400000
Egyéb kulturális intézmények támogatása (K301020204);2571900000
Mûvészeti tevékenységek és egyéb feladatok támogatása (K301020205);45346400000
Egyéb kulturális támogatások (K301020206);21798800000
Nemzetközi és Európai Uniós oktatási és egyéb programok (K30102020601);51400000
Határon túli és nemzetközi kulturális feladatok támogatása (K30102020602);80000000
Emlékparkok, emlékpontok támogatása (K30102020603);250800000
Közgyûjteményi, közmûvelõdési szakmai feladatok támogatása (K30102020604);1500000000
Csoóri Sándor Alap támogatása (K30102020605);2996600000
Kulturális társadalmi, civil és nonprofit szervezetek támogatása (K30102020606);5329900000
Makovecz Imre Alap támogatása (K30102020607);1100000000
Közkönyvtári jogdíjak és mûvészeti nyugdíjsegélyek támogatása (K30102020608);1598600000
Fesztiválok megrendezésének támogatása (K30102020609);1950000000
Lázár Ervin Program támogatása (K30102020610);5000000000
Emberi Erõforrás Támogatáskezelõ (K30102020611);1941500000
Oktatási támogatások (K3010203);3,57E+11
Oktatási Hivatal támogatása (K301020301);10345200000
Köznevelési célú humánszolgáltatás és mûködési támogatás (K301020302);3,14E+11
Hit- és erkölcstanoktatás, hittanoktatás és tankönyvtámogatás (K301020303);12580100000
Köznevelés speciális feladatainak támogatása (K301020304);5627200000
Kis létszámú hit- és erkölcstanoktatás kiegészítõ támogatása (K301020305);990000000
Ingyenes tankönyvellátás támogatása (K301020306);13211700000
Oktatási társadalmi szervezetek támogatása (K301020307);180800000
Klebelsberg Központ (KLIK) támogatása (K3010204);6,44E+11
Kutatóintézetek támogatása (K3010205);1779400000
VERITAS Történetkutató Intézet és Levéltár (K301020501);757600000
Magyarságkutató Intézet (K301020502);1021800000
Emberi Erõforrások Minisztériuma igazgatása (K30103);20336700000
Egyéb kiadások (EMMI) (K30104);29959800000
Innovációs és Technológiai Minisztérium (ITM) fejezeti kiadásai (K302);1,16E+12
Ismeretlen (K30201);1,89E+11
Szakképzési Centrumok támogatása (K3020103);1,76E+11
Nemzeti Szakképzési és Felnõttképzési Hivatal támogatása (K3020104);2760000000
Egyéb kiadások (ITM) (K3020105);10001300000
Kilátó Piarista Pályaorientációs és Munkaerõpiaci Fejlesztõ, Módszertani Központ mûködtetése (K302010501);332000000
Felsõoktatás speciális feladatainak kiadásai (K302010502);8651600000
Nemzetközi, európai uniós és határon túli felsõoktatási feladatok, programok támogatása (K302010503);1017700000
Innovációs és Technológiai Minisztérium igazgatása (K30202);49096700000
Minisztériumhoz tartozó hivatalok, ügynökségek kiadásai (K30203);25738100000
Országos Atomenergia Hivatal (kiadás) (K3020301);4954300000
Magyar Bányászati és Földtani Szolgálat (kiadás) (K3020302);2240700000
Nemzeti Akkreditáló Hatóság (kiadás) (K3020303);517000000
Szellemi Tulajdon Nemzeti Hivatala (kiadás) (K3020304);4257900000
Kormányzati Informatikai Fejlesztési Ügynökség (kiadás) (K3020305);13768200000
Közlekedéssel kapcsolatos kiadások (K30204);5,87E+11
A vasúti pályahálózat mûködtetésének költségtérítése (K3020401);1,30E+11
Vasúti személyszállítási közszolgáltatások költségtérítése (K3020402);2,06E+11
Autóbusszal végzett személyszállítási közszolgáltatások költségtérítése (K3020403);93000000000
Elõvárosi közösségi közlekedés költségtérítése (K3020404);13600000000
Közlekedési ágazati programok (K3020405);1,45E+11
Egyéb kiadások (ITM) (K30205);55186000000
Mecseki uránbányászok baleseti járadékainak és egyéb kártérítési kötelezettségeinek átvállalása (K3020501);200000000
HUMDA Zrt. tulajdonosi joggyakorlásával kapcsolatos kiadások (K3020502);15750000000
Nemzeti Védelmi Ipari Innovációs Zrt. tulajdonosi joggyakorlása alá tartozó társaságokkal összefüggõ kiadások (K3020503);1500000000
Infokommunikációs ágazati feladatok (K3020504);4498600000
Energia, bányászati és klímapolitikai feladatok (K3020505);4561400000
Fenntarthatósági feladatok és közmû-szolgáltatások (K3020506);18824200000
Szakmai és társadalmi szervezetek támogatása (K3020507);2360000000
Kormányzati szakpolitikák (K3020508);7491800000
Honvédelmi Minisztérium (HM) fejezeti kiadásai (K303);1,00E+12
Magyar Honvédség kiadásai (K30301);6,84E+11
Honvédelmi Minisztérium igazgatása, szervezetei (K30302);1,62E+11
Honvédelmi Minisztérium igazgatása (K3030201);6769600000
Egyéb HM szervezetek kiadásai (K3030202);1,55E+11
MH Egészségügyi Központ kiadásai (K30303);64417200000
Katonai Nemzetbiztonsági Szolgálat kiadásai (K30304);32459900000
Egyéb kiadások (K30305);60638900000
Kratochvil Károly Honvéd Középiskola és Kollégium kiadásai (K3030501);612500000
NATO és EU felajánlás alapján kialakítására kerülõ készenléti alegységek alkalmazásának kiadásai (K3030502);100000000
Civil, érdekképviseleti szervek és alapítványok támogatása (K3030503);760600000
Nonprofit korlátolt felelõsségû társaságok támogatása (K3030504);3254400000
Honvédelmi Sportszövetség mûködésének támogatása (K3030505);1286000000
Hozzájárulás a NATO Biztonsági Beruházási Programjához (K3030506);6829600000
Hozzájárulás a hadigondozásról szóló törvényt végrehajtó közalapítványhoz (K3030507);17000000000
Nemzetközi tagdíjak, tagdíj jellegû befizetések (K3030508);8008100000
Tömeges bevándorlás kezeléséhez kapcsolódó kiadások (K3030509);1000000000
Honvédelmi szolgálati juttatás tartalék (K3030510);19300000000
Honvédelmi- és gazdasági felkészülés központi kiadásai (K3030511);497000000
Honvédelmi Tanács és a Kormány speciális mûködési feltételeinek biztosítása (K3030512);1990700000
Belügyminisztérium (BM) fejezeti kiadásai (K309);8,76E+11
Rendõrség kiadásai (K30901);3,62E+11
Büntetés-végrehajtás kiadásai (K30902);88858500000
BM Országos Katasztrófavédelmi Fõigazgatóság kiadásai (K30903);89934400000
Kormányzati infokommunikációs szolgáltatások kiadásai (K30904);69511000000
Rendvédelmi szolgálati juttatás tartalék (K30905);53300000000
Vízügyi Igazgatóságok kiadásai (K30906);33894900000
Belügyminisztérium igazgatása (K30907);26146800000
Egyéb belügyi szervek kiadásai (K30908);86644400000
Nemzeti Védelmi Szolgálat (NVSZ) kiadásai (K3090801);7628100000
Terrorelhárítási Központ (TEK) kiadásai (K3090802);22527100000
Alkotmányvédelmi Hivatal (AH) kiadásai (K3090803);12506600000
Nemzetbiztonsági Szakszolgálat (NBSZ) kiadásai (K3090804);26458600000
Terrorelhárítási Információs és Bûnügyi Elemzõ Központ kiadásai (K3090805);3698000000
Országos Idegenrendészeti Fõigazgatóság kiadásai (K3090806);10917000000
Társadalmi Esélyteremtési Fõigazgatóság kiadásai (K3090807);2909000000
Egyéb belügyminisztériumi feladatok kiadásai (K30909);39895100000
Ágazati célfeladatok kiadásai (BM) (K3090901);3730700000
Alapítványok és társadalmi önszervezõdések támogatása (K3090902);2561200000
Társadalmi felzárkózást segítõ programok (K3090903);8480400000
Önkormányzati tûzoltóságok normatív támogatása (K3090904);2682300000
A hivatásos életpályával, valamint a hivatásos állomány lakhatásával kapcsolatos kiadások (K3090905);17181200000
A Nemzeti Bûnmegelõzési Stratégia feladatrendszerének támogatása (K3090906);825700000
Tömeges bevándorlás kezeléséhez kapcsolódó kiadások (K3090907);1000000000
A terrorellenes intézkedések megvalósításához kapcsolódó kiadások (K3090908);500000000
Roma települési és területi nemzetiségi önkormányzatok támogatása (K3090909);1733600000
Európai Uniós és nemzetközi projektek/programok megvalósításához kapcsolódó kiadások (K3090910);1200000000
Belügyi alapok kiadásai (K30910);26437800000
Más minisztériumok fejezeti kiadásai (K304);1,69E+12
Igazságügyi Minisztérium (IM) fejezeti kiadásai (K30401);19792300000
Igazságügyi Minisztérium igazgatása (K3040101);8971300000
Magyarország Európai Unió melletti Állandó Képviseletének igazgatása (K3040102);6079800000
Mádl Ferenc Öszehasonlító Jogi Intézet (K3040103);691300000
Igazságügyi miniszter feladatkörébe tartozó jogszabályok alapján teljesítendõ fizetési kötelezettségek (K3040104);3469000000
Szakmai programok és egyéb kötelezettségek támogatása (IM) (K3040105);580900000
Agrárminisztérium (AM) fejezeti kiadásai (K30402);1,33E+11
Agrárminisztérium igazgatása (K3040201);9404200000
Nemzeti Élelmiszerlánc-biztonsági Hivatal kiadásai (K3040202);15547700000
Mezõgazdasági középfokú szakoktatás intézményeinek kiadásai (K3040203);29210000000
Nemzeti park igazgatóságok kiadásai (K3040204);13214000000
Nemzeti agrárkár-enyhítés kiadásai (K3040205);12800000000
Agrár uniós programok kiegészítõ támogatása (K3040206);13000000000
Agrár ágazati szakmai és társadalmi szervezetek támogatása (K3040207);8595500000
Mezõgazdasági feladatok kiadásai (K3040208);4398700000
Környezet- és természetvédelmi feladatok kiadásai (K3040209);4278000000
Egyéb szakmai feladatok kiadásai (AM) (K3040210);9743600000
Földügyi feladatok kiadásai (K304021001);1568400000
Erdõ-, vad- és halgazdálkodási feladatok kiadásai (K304021002);3693600000
Élelmiszergazdasági és élelmiszerlánc-felügyeleti feladatok kiadásai (K304021003);755600000
Állat, növény- és GMO-kártalanítás kiadásai (K304021004);3500000000
Peres ügyek kiadásai (K304021005);95600000
Fejezeti általános tartalék (K304021006);130400000
Ménesgazdaságok kiadásai (K3040211);3873500000
Egyéb hivatalok, intézetek kiadásai (K3040212);4162600000
Magyar Mezõgazdasági Múzeum és Könyvtár (K304021201);734900000
Nemzeti Biodiverzitás- és Génmegõrzési Központ (K304021202);1649800000
Országos Meteorológiai Szolgálat (OMSZ) (K304021203);1777900000
Nemzeti Földügyi Központ (K3040213);4408100000
Pénzügyminisztérium (PM) fejezeti kiadásai (K30404);4,76E+11
Nemzeti Adó- és Vámhivatal (NAV) kiadásai (K3040401);1,97E+11
Közbeszerzési és Ellátási Fõigazgatóság (KEF) kiadásai (K3040402);76299000000
Magyar Államkincstár (MÁK) kiadásai (K3040403);63688400000
Pénzügyminisztérium igazgatása (K3040404);16335500000
Céltartalékok (PM) (K3040405);1,06E+11
Egyéb kiadások (PM) (K3040406);16883500000
Európai Támogatásokat Auditáló Fõigazgatóság kiadásai (K304040601);1916900000
Kárrendezési célelõirányzat és egyéb kártalanítási feladatok kiadásai (PM) (K304040602);3550100000
A 2007-2013. évek közötti operatív programok visszaforgó pénzeszközeinek felhasználása és kezelése (K304040603);9109400000
Nemzetközi és egyéb kötelezettségek kiadásai (PM) (K304040604);433000000
Polgári Mûvelõdésért Oktatási, Kulturális és Tudományos Alapítvány pénzbeli vagyoni juttatása (K304040605);300000000
Szentháromság téri ingatlanberuházással összefüggõ mûködési kiadások (K304040606);389500000
Európai Területi Együttmûködés (2014-2020) kiadásai (K304040607);490000000
Európai Területi Együttmûködés (2021-2027) kiadásai (K304040608);694600000
Külgazdasági- és külügyminisztérium (KKM) fejezeti kiadásai (K30405);2,42E+11
Külgazdasági és Külügyminisztérium központi igazgatása (K3040501);17208800000
Külképviseletek igazgatása (K3040502);90400300000
Információs Hivatal (IH) kiadásai (K3040503);21960900000
Stipendium Hungaricum és diaszpóra ösztöndíjak támogatása (K3040504);39590500000
Nemzetközi tagdíjak és európai uniós befizetések (K3040505);14436300000
Tõkealaphoz történõ hozzájárulás (K3040506);29810000000
Eximbank Zrt. Tõkeemelése (K3040507);10000000000
Külgazdasági fejlesztési célú szervezeti támogatások kiadásai (K3040508);8926500000
Egyéb kiadások (KKM) (K3040509);9571900000
Külügyminisztérium felügyelete alá tartozó szervezetek és szakmai programok támogatása (K304050901);1663400000
Protokoll kiadások (K304050902);651000000
Csángó-Magyar Együttmûködési Program Támogatása (K304050903);1000000000
Peres ügyek kiadásai (KKM) (K304050904);5000000
Kulturális diplomáciai projektek támogatása (K304050905);1010000000
Rendvédelmi szolgálati juttatás tartalék (K304050906);1200000000
Brexit Alkalmazkodási Tartalék (BAR) (K304050907);4042500000
Miniszterelnökség fejezeti kiadásai (K30406);4,65E+11
Fõvárosi, megyei kormányhivatalok és járási kormányhivatalok kiadásai (K3040601);2,57E+11
Miniszterelnökség igazgatása (K3040602);30623900000
Egyházi célú központi költségvetési hozzájárulások (K3040603);54628200000
Egyházi közfeladatellátáshoz kapcsolódó céltámogatások és karitatív feladatok támogatása (K304060301);14373800000
Egyházi alapintézmény-mûködés, SZJA rendelkezés és kiegészítése (K304060302);19534400000
Átadásra nem került ingatlanok utáni járadék (K304060303);20720000000
Család- és ifjúságügyi célú központi költségvetési hozzájárulások (K3040604);29066800000
Nemzeti Tehetség Program (NTP) kiadásai (K304060401);4397500000
Erzsébet gyermek- és ifjúsági táborok támogatása (K304060402);4375600000
Waclaw Felczak Alap (K304060403);360900000
Gyermek, ifjúsági és családpolitikai programok (K304060404);2894400000
Gyermek és Ifjúsági Alapprogram támogatása (K304060405);80000000
Fiatalok elsõ sikeres nyelvvizsgájának támogatása (K304060406);1983300000
Fiatalok vezetõi engedélyének megszerzésével összefüggõ hozzájárulás (K304060407);1137200000
Nagycsaládosok személygépkocsi-szerzési támogatása (K304060408);12493200000
GYES-en és GYED-en lévõk hallgatói hitelének célzott támogatása (K304060409);440000000
Esélyteremtõ, önkéntes és kríziskezelõ programok, valamint feladatok támogatása (K304060410);504700000
Család-és ifjúságügyi társadalmi, civil és egyéb szervezetek, programok, feladatok támogatása (K304060411);400000000
Nonprofit, társadalmi, civil szervezetek és köztestületek támogatása (K3040605);17232000000
Nemzetiségi célú költségvetési támogatások (K3040606);9521400000
Nemzetiségi szakmai támogatások (K304060601);5749500000
Országos nemzetiségi önkormányzatok támogatása (K304060602);3771900000
Kulturális fejlesztési, örökségvédelmi és egyéb feladatok támogatása (K3040607);13274000000
Nemzeti Együttmûködési Alap (NEA) kiadásai (K3040608);10869200000
Nemzeti Közszolgálati Egyetem (NKE) kiadásai (K3040609);15654500000
Miniszerelnökség alá tartozó intézetek kiadásai (K3040610);5157800000
Nemzetstratégiai Kutatóintézet kiadásai (K304061001);1276800000
Nemzeti Örökség Intézete kiadásai (K304061002);2202800000
Felsõbbfokú Tanulmányok Intézete kiadásai (K304061003);682800000
Kopp Mária Intézet a Népesedésért és a Családokért kiadásai (K304061004);995400000
Egyéb kiadások (Miniszterelnökség) (K3040611);21667900000
Építésügyi, településügyi és területrendezési feladatok kiadásai (K304061101);1016100000
Kulturális örökségvédelmi, világörökségi törvénybõl adódó és nemzeti emlékhelyekkel kapcsolatos feladatok kiadásai (K304061102);292900000
Hungary Helps Programhoz kapcsolódó támogatások (K304061103);3220000000
Határontúli mûemlék-felújítási program kiadásai (K304061104);250000000
Fõvárosi és megyei kormányhivatalok peres ügyei, egyéb feladatai (K304061105);4733700000
Nemzeti Kastélyprogram kiadásai (K304061106);188200000
Fejezeti általános tartalék (Miniszterelnökség) (K304061107);800000000
Nemzetpolitikai tevékenységek és határon túli magyarok támogatása (K304061108);5020600000
Települési és területi nemzetiségi önkormányzatok támogatása (K304061110);2169400000
Miniszterelnökség tulajdonosi joggyakorlásába tartozó társaságok mûködéséhez hozzájárulás (K304061111);3976000000
Nemzeti tervvagyonhoz kapcsolódó kiadások (K304061112);1000000
Miniszterelnöki Kabinetiroda fejezeti kiadásai (K30407);44794600000
Miniszterelnöki Kabinetiroda igazgatása (K3040701);7913000000
Kormányzati kommunikációval és konzultációval kapcsolatos feladatok (K3040702);18000000000
Kiemelt társadalmi kapcsolatok kiadásai (K3040703);11000000000
Nonprofit, társadalmi, civil szervezetek és köztestületek támogatása (K3040704);3536000000
Nemzeti Kommunikációs Hivatal (K3040705);979100000
Nemzeti Koncessziós Iroda (K3040706);957900000
Egyéb kiadások (Kabinetiroda) (K3040707);1205500000
Kormányfõi protokoll kiadások (K304070701);350000000
Közösségépítõ kezdeményezések támogatása (K304070702);800000000
Nemzetközi tagdíjak (Kabinetiroda) (K304070703);55500000
Aktív- és Ökoturisztikai Fejlesztési Központ Nkft. (kiadás) (K3040708);1203100000
Miniszterelnöki Kormányiroda fejezeti kiadásai (K30408);3,12E+11
Rendkívüli kormányzati intézkedések kiadásai (K3040801);1,45E+11
Autópálya rendelkezésre állási díj (kiadás) (K3040802);1,38E+11
Hozzájárulás a Mûvészetek Palotájának (MÜPA) mûködtetéséhez (K3040803);12269200000
Miniszterelnöki Kormányiroda igazgatása (K3040804);4809900000
Egyetemes postai szolgáltató méltánytalan többletterhének megtérítése (K3040805);5413500000
Egyéb kiadások (Kormányiroda) (K3040806);5911500000
Hozzájárulás a sportlétesítmények PPP bérleti díjához (K304080601);62200000
Nemzetközi tagdíjak (K304080602);74400000
Védelmi Beszerzési Ügynökség Zrt. (VBÜ) támogatása (K304080603);2556000000
Kormányzati Ellenõrzési Hivatal (KEHI) kiadásai (K304080604);1218900000
Peres ügyek kiadásai (Kormányiroda) (K304080605);2000000000
Országgyûlés és szerveinek kiadásai (K305);2,33E+11
Közszolgálati média támogatása (K30501);1,11E+11
Országgyûlés Hivatala kiadásai (K30502);44925800000
Nemzeti Választási Iroda (NVI) kiadásai (K30503);15808900000
Adminisztratív kiadások (K3050301);1465400000
Idõközi és nemzetiségi választások lebonyolítása (K3050302);458000000
A választási rendszerek mûködtetése (K3050303);2000000000
2022. évi országgyûlési képviselõválasztás elõkészítése (K3050304);11885500000
Állami Számvevõszék (ÁSZ) kiadásai (K30504);12612200000
Egyéb kiadások (Országgyûlés szervei) (K30505);25423200000
Állambiztonsági Szolgálatok Történeti Levéltára kiadásai (K3050501);1724400000
Országgyûlési Õrség kiadásai (K3050502);4548800000
Az Országgyûlés elnökének közcélú felajánlásai, adományai (K3050503);73000000
Magyar Nemzeti Közösségek Európai Érdekképviseletéért Alapítvány támogatása (K3050504);80000000
Képviselõ-testület váltásával kapcsolatos kiadások (K3050505);3301100000
Volt köztársasági elnökök közcélú felajánlásai, adományai (K3050506);194700000
Schmitt Pál közcélú felajánlásai, adományai (K305050601);73000000
Sólyom László közcélú felajánlásai, adományai (K305050602);73000000
Áder János közcélú felajánlásai, adományai (K305050603);48700000
Rendvédelmi szolgálati juttatás tartalék (Országgyûlési Õrség miatt) (K3050507);600000000
Közbeszerzési Hatóság kiadásai (K3050508);3288200000
Kampányköltségek kiadásai (K3050509);6000000000
Nemzeti Adatvédelmi és Információszabadság Hatóság (NAIH) kiadásai (K3050510);1555600000
Nemzeti Emlékezet Bizottságának Hivatala kiadásai (K3050511);1324100000
Alapvetõ Jogok Biztosának Hivatala (AJBH) kiadásai (K3050512);2733300000
Magyar Energetikai és Közmû-szabályozási Hivatal (MEKH) kiadásai (K30506);8460400000
Szabályozott Tevékenységek Felügyeleti Hatósága (SZTFH) kiadásai (K30507);6543600000
Pártok és pártalapítványok támogatása (K30508);5779300000
Pártok támogatása (K3050801);2548900000
FIDESZ - Magyar Polgári Szövetség (K305080101);967800000
Magyar Szocialista Párt (MSZP) (K305080102);305500000
Jobbik Magyarországért Mozgalom - Párt (K305080103);510300000
Lehet Más a Politika (LMP) (K305080104);217900000
Kereszténydemokrata Néppárt (KDNP) (K305080105);180400000
Demokratikus Koalíció (DK) (K305080106);207100000
Párbeszéd Magyarországért Párt (K305080107);91000000
Momentum Mozgalom (K305080108);44300000
Magyar Kétfarkú Kutyapárt (K305080109);24600000
Pártalapítványok támogatása (K3050802);3230400000
Szövetség a Polgári Magyarországért Alapítvány (K305080201);1468900000
Táncsics Mihály Alapítvány (K305080202);359300000
Gyarapodó Magyarországért Alapítvány (K305080203);702400000
Ökopolisz Alapítvány (K305080204);212600000
Barankovics István Alapítvány (K305080205);149700000
Megújuló Magyarországért Alapítvány (K305080206);27500000
Új Köztársaságért Alapítvány (K305080207);194500000
Savköpõ Menyét Alapítvány (K305080208);41300000
Indítsuk Be Magyarországot Alapítvány (K305080209);74200000
Gazdasági Versenyhivatal (GVH) kiadásai (K30509);3138600000
Gazdasági Versenyhivatal igazgatása (K3050901);2923400000
OECD ROK (K3050902);169400000
Fejezeti tartalék (K3050903);45800000
Igazságszolgáltatás kiadásai (K306);2,21E+11
Alkotmánybíróság kiadásai (K30601);3028000000
Bíróságok kiadásai (K30602);1,40E+11
Kúria kiadásai (K30603);6482100000
Ügyészség kiadásai (K30604);62679600000
Egyéb kiadások (Igazságszolgáltatás) (K30605);8894900000
Igazságszolgáltatás beruházásai (K3060501);7333000000
Igazságszolgáltatás mûködtetése (K3060502);1561900000
Egyéb állami szervek kiadásai (K307);1,48E+11
Köztársasági Elnöki Hivatal kiadásai (K30701);3574700000
Köztársasági Elnöki Hivatal mûködési kiadásai (K3070101);2512300000
Állami kitüntetések kiadásai (K3070102);513800000
Köztársasági elnök közcélú felajánlásai, adományai (K3070103);73000000
Államfõi Protokoll kiadásai (K3070104);449300000
Fejezeti tartalék (KEH) (K3070105);26300000
Központi Statisztikai Hivatal (KSH) kiadásai (K30703);23634200000
KSH közvetlen kiadásai (K3070301);22059600000
KSH Könyvtár (K3070302);257500000
KSH Népességtudományi Kutató Intézet (K3070303);235000000
Statisztikai Elemzõ Központ Kft. támogatása (K3070304);1082100000
Magyar Tudományos Akadémia (MTA) kiadásai (K30704);28765700000
MTA Titkárság igazgatása, tiszteletdíjak kiadásai (K3070401);9566200000
MTA Könyvtár és Információs Központ kiadásai (K3070402);7798400000
MTA Létesítménygazdálkodási Központ kiadásai (K3070403);1808400000
MTA Jóléti intézmények kiadásai (K3070404);705400000
MTA Területi Akadémiai Bizottságok Titkársága kiadásai (K3070405);308800000
Széchenyi Irodalmi és Mûvészeti Akadémia Titkársága kiadásai (K3070406);20000000
Statisztikai Elemzõ Központ Kft. Támogatása (MTA) (K3070407);80900000
Nemzetközi, EU-s és határon túli feladatok támogatása (MTA) (K3070408);420300000
Szakmai feladatok támogatása (MTA) (K3070409);3955900000
Lendület Program (MTA) kiadásai (K3070410);3566800000
Posztdoktori támogatások (MTA) (K3070411);534600000
Magyar Mûvészeti Akadémia (MMA) kiadásai (K30705);11257300000
MMA Titkársága kiadásai (K3070501);7998600000
Magyar Építészeti Múzeum kiadásai (K3070502);665400000
MMA Kutatóintézet kiadásai (K3070503);273100000
Országos mûvészeti társaságok, szövetségek támogatása (K3070504);105000000
Mûvészeti programok és gazdasági társaságok kulturális feladatainak támogatása (MMA) (K3070505);1864600000
Nemzetközi programok, konferenciák, nemzetközi tagdíjak kiadásai (K3070506);14900000
Pályázati alapok kiadásai (MMA) (K3070507);200000000
MMA mûemlékvédelmi beruházásai (K3070508);30000000
Makovecz Emlékközpont kiadásai (MMA) (K3070509);105700000
Nemzeti Kutatási, Fejlesztési és Innovációs Hivatal (NKFI) kiadásai (K30706);14228500000
NKFI Hivatal kiadásai (K3070601);3902400000
Nemzetközi tagdíjak kiadásai (NKFI) (K3070602);10326100000
Eötvös Lóránd Kutatási Hálozat (ELKH) kiadásai (K30707);66122200000
ELKH Titkársága kiadásai (K3070701);1459000000
ELKH Kutatóközpontok, kutatóintézetek kiadásai (K3070702);53705100000
ELKH Támogatott kutatóhelyek kiadásai (K3070703);4358100000
Kiválósági és szakmai feladatok támogatása (K3070704);6600000000
Állami vagyonnal kapcsolatos kiadások (K308);1,79E+11
Magyar Nemzeti Vagyonkezelõ (MNV) Zrt. kiadásai (K30801);78962000000
Központi költségvetési szervek elhelyezésével kapcsolatos bérleti díjak (MNV) (K3080101);16147000000
Ingatlanok fenntartása és õrzése (MNV) (K3080102);14000000000
Ingatlan beruházások, ingatlan és egyéb eszközök vásárlása (MNV) (K3080103);10000000000
Társaságokkal kapcsolatos kiadások (MNV) (K3080104);13065000000
Az MNV Zrt. tulajdonosi joggyakorlásába tartozó társaságok forrásjuttatásai (K308010401);5165000000
Az MNV Zrt. mûködésének támogatása (K308010402);7900000000
Az állam tulajdonosi felelõsségével kapcsolatos környezetvédelmi feladatok finanszírozása (MNV) (K3080105);10000000000
A vagyongazdálkodás egyéb kiadásai (MNV) (K3080106);15750000000
Az államot korábbi tulajdonosi döntéseihez kapcsolódóan terhelõ egyéb kiadások (K308010601);1400000000
ÁFA elszámolás (K308010602);1000000000
Európai Uniós pályázatokhoz forrás biztosítása (K308010603);4500000000
Egyéb vagyonkezelési kiadások (K308010604);5600000000
Állami örökléssel kapcsolatos kiadások elszámolása (K308010605);3250000000
Nemzeti vagyon kezeléséért felelõs tárca nélküli miniszter kiadásai (K30802);62377100000
Az NHKV Zrt. támogatása (K3080201);50000000000
Az NVTNM tulajdonosi joggyakorlása alá tartozó egyéb társaságok forrásjuttatásai (K3080202);11938300000
Az MFB Zrt. mûködésének támogatása (K3080203);5000000
Egyéb kiadások (K3080204);433800000
Egyéb állami vagyonnal kapcsolatos kiadások (K30803);38000000000
A Nemzeti Útdíjfizetési Szolgáltató Zrt. tulajdonosi joggyakorlásával kapcsolatos kiadások (K3080301);5500000000
Az állami tulajdonú víziközmû-vagyonon végzett értéknövelõ beruházások megtérítése (K3080302);3000000000
A regionális víziközmû társaságok támogatása (K3080303);23000000000
Állami vagyonnal kapcsolatos fejezeti tartalék (K3080304);6500000000
Gazdaság-újraindítási Alap (uniós és hazai fejlesztések) (K4);7,10E+12
Gazdaság-újraindítási Alap uniós fejlesztési kiadásai (K401);3,18E+12
Alapok alapja pénzügyi eszközök (K40101);2,08E+11
Alapok alapja GINOP pénzügyi eszközök (K4010101);1,65E+11
Alapok alapja VEKOP pénzügyi eszközök (K4010102);1095800000
Alapok alapja EFOP pénzügyi eszközök (K4010103);136100000
Alapok alapja GINOP Plusz pénzügyi eszközök (K4010104);42500000000
Kohéziós operatív programok (2014-2020) (K40102);1,04E+12
Gazdaságfejlesztés és Innovációs Operatív Program (GINOP) kiadásai (K4010201);3,27E+11
Versenyképes Közép-Magyarország Operatív Program (VEKOP) kiadásai (K4010202);53775500000
Terület- és Településfejlesztési Operatív Program (TOP) kiadásai (K4010203);88154200000
Integrált Közlekedésfejlesztési Operatív Program (IKOP) kiadásai (K4010204);1,95E+11
Környezeti és Energiahatékonysági Operatív Program (KEHOP) kiadásai (K4010205);2,02E+11
Emberi Erõforrás Fejlesztési Operatív Program (EFOP) kiadásai (K4010206);1,41E+11
Közigazgatás- és Közszolgáltatás Fejlesztési Operatív Program (KÖFOP) kiadásai (K4010207);28612000000
Rászoruló Személyeket Támogató Operatív Program (RSZTOP) kiadásai (K4010208);1940600000
Kohéziós operatív programok (2021-2027) (K40103);1,55E+12
Gazdaságfejlesztés és Innovációs Operatív Program Plusz (GINOP Plusz) kiadásai (K4010301);2,68E+11
Integrált Közlekedésfejlesztés Operatív Program Plusz (IKOP Plusz) kiadásai (K4010302);1,47E+11
Emberi Erõforrás Fejlesztési Operatív Program Plusz (EFOP Plusz) kiadásai (K4010303);79843400000
Terület- és Településfejlesztési Operatív Program Plusz (TOP Plusz) kiadásai (K4010304);3,10E+11
Környezeti és Energiahatékonysági Operatív Program Plusz (KEHOP Plusz) kiadásai (K4010305);1,20E+11
Digitális Megújulás Operatív Program Plusz (DIMOP Plusz) kiadásai (K4010306);1,60E+11
Végrehajtás Operatív Program Plusz (VOP Plusz) kiadásai (K4010307);20000000000
Helyreállítási és Ellenállóképességi Eszköz (RRF) kiadásai (K4010308);4,50E+11
Egyéb uniós fejlesztési kiadások (K40104);3,78E+11
Vidékfejlesztési Program (VP) kiadásai (K4010401);2,30E+11
Európai Hálózatfinanszírozási Eszköz (CEF) projektek kiadásai (K4010402);94922400000
EGT és Norvég Finanszírozási Mechanizmusok (2014-2021) kiadásai (K4010403);25000000000
Svájci-Magyar Együttmûködési Program II. kiadásai (K4010404);7900000000
EU támogatások felhasználásához szükséges technikai segítségnyújtás (K4010405);5500000000
EU fejlesztések - fejezeti általános tartalék (K4010406);5026400000
Magyar Halgazdálkodási Operatív Program (MAHOP) kiadásai (K4010407);4500000000
Közvetlen uniós programok támogatása (K4010408);3000000000
Európai Területi Együttmûködés (2014-2020) kiadásai (K4010409);2517000000
Gazdaság-újraindítási Alap hazai fejlesztési kiadásai (K402);3,92E+12
Gazdaság-újraindítási Foglalkoztatási Alap (K40201);3,72E+11
Foglalkoztatási támogatások (K4020101);21000000000
Szakképzési támogatások (K4020102);34654500000
Passzív kiadások, álláskeresési támogatások (K4020103);1,05E+11
Bérgarancia kifizetések (K4020104);4000000000
Mûködtetési célú kifizetések (K4020105);1200000000
Start-munkaprogram kiadásai (K4020106);1,20E+11
EU-s foglalkoztatási programok elõ- és társfinanszírozása (K4020107);85000000000
Munkahely-megtartási program kiadásai (K4020108);1000000000
A gazdaság újraindítását szolgáló társadalompolitikai célok kiadásai (K40202);1,07E+12
Tizenharmadik havi nyugdíj visszaépítésének támogatása (K4020201);1,60E+11
Nyugdíjprémium céltartalék támogatása (K4020202);68460000000
Egészségügyi béremelés támogatása (K4020203);4,59E+11
Lakástámogatások kiadásai (K4020204);3,82E+11
Közlekedéssel kapcsolatos kiadások (K40203);3,86E+11
Közúti fejlesztések kiadásai (K4020301);2,01E+11
Vasúti fejlesztések kiadásai (K4020302);1,83E+11
Repülõterek fejlesztésének kiadásai (K4020303);1500000000
Egyéb térségi beruházási programok kiadásai (K40204);4,68E+11
Paks II. Zrt. tõkeemelése (K4020401);2,70E+11
Paksi Atomerõmû bõvítéséért felelõs miniszter tulajdonosi joggyakorlása alá tartozó egyéb társaságok forrásjuttatásai (K4020402);2000000000
Magyar Falu Program kiadásai (K4020403);93000000000
Modern Városok Program kiadásai (K4020404);50000000000
Közép-Duna menti térségfejlesztési feladatok kiadásai (K4020405);3742500000
Területfejlesztési feladatok kiadásai (K4020406);25479600000
Térségi fejlesztési feladatok kiadásai (K4020407);23317000000
Magasépítési beruházások kiadásai (K40205);2,17E+11
Egyedi magasépítési beruházások (K4020501);1,44E+11
Programszerû magasépítési beruházások (K4020502);26445400000
A Beruházási Ügynökség mûködésének támogatása (K4020503);6800000000
A Beruházási Ügynökség tevékenységéhez kapcsolódó egyéb kiadások (K4020504);200000000
Beruházási tartalék (K4020505);40000000000
Központi tartalékok (K40206);6,23E+11
Gazdaság-újraindítási programok (K4020601);68000000000
Beruházás Elõkészítési Alap (K4020602);5000000000
Beruházási Alap (K4020603);5,50E+11
Turisztikai kiadások (K40207);1,38E+11
Turisztikai fejlesztési célelõirányzat (K4020701);1,32E+11
Aktív kikapcsolódást szolgáló feladatok, programok (K4020702);4100400000
Róheim-villa rekonstrukciója (K4020703);1270100000
Minisztériumi kezelésû és egyéb hazai fejlesztési kiadások (K40208);6,52E+11
Az állami vagyongazdálkodás a gazdaság újraindítását szolgáló központi kezelésû elõirányzatai (K4020801);52811400000
A Nemzeti Filmintézet Zrt. támogatása (K402080101);17500000000
Liget Budapest projekttel kapcsolatos idei kiadások (K402080102);32173000000
A Magyar Állami Operaház Andrássy úti épületfelújításának idei kiadásai (K402080103);1638400000
Ipari parkok kialakítása, fejlesztése (K402080104);1500000000
Gazdaság újraindítását szolgáló miniszterelnökségi fejezeti kezelésû elõirányzatok (K4020802);84996700000
Egyházi mûködési, program és fejlesztési támogatások (K402080201);30206600000
Kulturális értékmegõrzõ beruházások kiadásai (K402080202);26024500000
Fõvárosi fejlesztések kiadásai (K402080203);14258000000
Sportesemény pályázatok, kiemelt hazai rendezésû sportesemények támogatása (K402080204);10109200000
Nemzetiségi intézmények támogatása beruházásra, felújításra, pályázati önrészre (K402080205);2998800000
Hazai bölcsõde-, családi bölcsõdefejlesztési program nem állami fenntartók részére (K402080206);1399600000
Egyéb hazai gazdaságfejlesztési feladatok kiadásai (K4020803);76766900000
Autó-motorsport támogatása (K402080301);13962100000
Gazdaságfejlesztési programok (K402080302);62804800000
Gazdaság újraindítását szolgáló KKM fejezeti kezelésû elõirányzatok kiadásai (K4020804);1,11E+11
Beruházás ösztönzési célelõirányzat (K402080401);80000000000
Külügyi fejlesztési és kutatási programok (K402080402);18877500000
Kötött segélyhitelezés (K402080403);12000000000
Gazdaság újraindítását szolgáló EMMI fejezeti kezelésû elõirányzatok (K4020805);95165000000
Egészséges Budapest Program (K402080501);15000000000
2019-2027 közötti idegen nyelvi stratégia megvalósítása (K402080502);30000000000
Megváltozott munkaképességû munkavállalók foglalkoztatásának támogatása (K402080503);50165000000
Nemzeti agrártámogatások (K4020806);77275000000
Energia- és klímapolitikai modernizációs rendszer (K4020807);37900000000
Eximbank Zrt. kamatkiegyenlítése (K4020808);31200000000
Egyéb hazai fejlesztési kiadások (K4020809);84648900000
Filmszakmai közvetett támogatások Mozgókép tv. szerinti kiegészítõ finanszírozása (K402080901);27000000000
Nagyvállalati beruházási támogatások (K402080902);25000000000
Állami szakképzõ intézmények Szakképzésrõl szóló tv. szerinti ingyenes képzéseinek kiegészítõ finanszírozása (K402080903);12298900000
Nemzeti Oltóanyaggyár és Nemzeti Koronavírus-Oltóanyaggyár megvalósítása (K402080904);20350000000
Államadósságal kapcsolatos kiadások (K5);1,41E+12
Devizában fennálló adósság és követelések kiadásai (K501);1,44E+11
Nemzetközi devizakötvények kiadásai (K50101);1,06E+11
Nemzetközi devizahitelek kamata (K50102);26310700000
Egyéb nemzetközi devizahitelekkel kapcsolatos kiadások (K50103);11723300000
Egyéb devizahitelek kamata (K5010301);7305900000
Belföldi devizakötvények kiadásai (K5010302);4289100000
Egyéb devizamûveletek kamatelszámolásai (K5010303);128300000
Forintban fennálló adósság és követelések kiadásai (K502);1,23E+12
Hiányfinanszírozás kiadásai (K50201);7,70E+11
Lakossági kötvények kiadásai (K50202);4,00E+11
Egyéb forinthitelekkel kapcsolatos kiadások (K50203);56175200000
Nemzetközi pénzügyi szervezetektõl felvett forinthitelek kamata (K5020301);18325300000
Nem piaci értékesítésû államkötvények kamatelszámolása (K5020302);278200000
Diszkont kincstárjegyek kamatelszámolása (K5020303);5653100000
Lakossági kincstárjegyek kamatelszámolása (K5020304);31348800000
Repóügyletek kamatelszámolásai (K5020305);569800000
Adósság és követeléskezelés egyéb kiadásai (K503);43422400000
Jutalékok és egyéb költségek (K50301);39547300000
Állampapírok értékesítését támogató kommunikációs kiadások (K50302);2400000000
Adósságkezelés költségei (K50303);1475100000
